Profile Name,Title Name,Country,Utc Title Add Date
Nuh,If Anything Happens I Love You,Turkey,2020-12-09
Nuh,Prison Break,Turkey,2020-04-19
Nuh,Perfect Strangers,Turkey,2020-04-11
Nuh,The 100,Turkey,2020-04-11
Nuh,The Gift,Turkey,2020-04-11
Nuh,Lucy,Turkey,2020-04-11
Nuh,Money Heist,Turkey,2020-04-11
Begüm:),Wish Dragon,Turkey,2025-03-22
Begüm:),The Life List,Turkey,2025-03-14
Begüm:),Con Mum,Turkey,2025-03-14
Begüm:),The Lady's Companion,Turkey,2025-03-14
Begüm:),Grave of the Fireflies,Turkey,2025-02-16
Begüm:),Wake Up Dead Man: A Knives Out Mystery,Turkey,2024-11-21
Begüm:),Fantastic Beasts: The Secrets of Dumbledore,Turkey,2024-07-19
Begüm:),The Decameron,Turkey,2024-07-18
Begüm:),Isi & Ossi,Turkey,2024-06-07
Begüm:),Get Gotti,Turkey,2023-10-13
Begüm:),Lockwood & Co.,Turkey,2023-10-06
Begüm:),The Butterfly's Dream,Turkey,2023-08-05
Begüm:),Sonsuz Aşk,Turkey,2023-08-05
Begüm:),The Craft: Legacy,Turkey,2023-08-02
Begüm:),Love Tactics 2,Turkey,2023-06-30
Begüm:),Through My Window 3: Looking at You,Turkey,2023-06-25
Begüm:),Through My Window 2: Across the Sea,Turkey,2023-06-22
Begüm:),Welcome to Eden,Turkey,2023-06-15
Begüm:),The Adam Project,Turkey,2023-06-15
Begüm:),How I Became a Superhero,Turkey,2023-06-15
Begüm:),How to Sell Drugs Online (Fast),Turkey,2023-06-06
Begüm:),How to Get Away With Murder,Turkey,2023-06-06
Begüm:),Royalteen,Turkey,2023-06-05
Begüm:),Greenhouse Academy,Turkey,2023-06-05
Begüm:),Don't Leave,Turkey,2023-06-05
Begüm:),Along for the Ride,Turkey,2023-06-05
Begüm:),UFO,Turkey,2023-06-05
Begüm:),Partner Track,Turkey,2023-05-28
Begüm:),Muted,Turkey,2023-05-28
Begüm:),Persuasion,Turkey,2023-05-28
Begüm:),In My Dreams,Turkey,2023-03-11
Begüm:),Meet Joe Black,Turkey,2023-03-11
Begüm:),The Law According to Lidia Poët,Turkey,2023-02-21
Begüm:),How to Lose a Guy in 10 Days,Turkey,2023-02-21
Begüm:),Doom of Love,Turkey,2023-01-31
Begüm:),The Pale Blue Eye,Turkey,2023-01-29
Begüm:),Your Place or Mine,Turkey,2023-01-29
Begüm:),True Spirit,Turkey,2023-01-29
Begüm:),In Love All Over Again,Turkey,2023-01-29
Begüm:),Surviving Summer,Turkey,2022-12-18
Begüm:),Christmas on Mistletoe Farm,Turkey,2022-11-21
Begüm:),Scrooge: A Christmas Carol,Turkey,2022-11-21
Begüm:),Don't Leave,Turkey,2022-10-25
Begüm:),Enola Holmes 2,Turkey,2022-10-25
Begüm:),Wednesday,Turkey,2022-10-09
Begüm:),Luckiest Girl Alive,Turkey,2022-09-24
Begüm:),Perfect Strangers,Turkey,2022-09-18
Begüm:),The Perfumier,Turkey,2022-09-10
Begüm:),Two Types of People,Turkey,2022-09-10
Begüm:),Family Secrets,Turkey,2022-08-29
Begüm:),I Came By,Turkey,2022-08-29
Begüm:),FullMetal Alchemist,Turkey,2022-08-29
Begüm:),Devil in Ohio,Turkey,2022-08-29
Begüm:),Get Smart With Money,Turkey,2022-08-29
Begüm:),The Addams Family,Turkey,2022-08-24
Begüm:),The Sandman,Turkey,2022-08-06
Begüm:),The 7 Lives of Lea,Turkey,2022-07-21
Begüm:),The School for Good and Evil,Turkey,2022-07-21
Begüm:),Royalteen,Turkey,2022-07-12
Begüm:),DI4RIES,Turkey,2022-07-04
Begüm:),"Boo, Bitch",Turkey,2022-07-04
Begüm:),Just Like Heaven,Turkey,2022-07-04
Begüm:),The Spanish Princess,Turkey,2022-07-04
Begüm:),Wednesday,Turkey,2022-07-04
Begüm:),The Next 365 Days,Turkey,2022-07-04
Begüm:),Rebelde,Turkey,2022-07-04
Begüm:),The White Princess,Turkey,2022-06-29
Begüm:),The White Queen,Turkey,2022-06-29
Begüm:),The Innocents,Turkey,2022-06-13
Begüm:),Dynasty,Turkey,2022-06-13
Begüm:),Love & Anarchy,Turkey,2022-06-13
Begüm:),The Holiday,Turkey,2022-06-12
Begüm:),Trolls World Tour,Turkey,2022-06-12
Begüm:),Cyber Hell: Exposing an Internet Horror,Turkey,2022-05-23
Begüm:),Roald Dahl's Matilda The Musical,Turkey,2022-05-18
Begüm:),Our Father,Turkey,2022-05-10
Begüm:),Assassin's Creed,Turkey,2022-05-05
Begüm:),History 101,Turkey,2022-05-03
Begüm:),Secrets of the Saqqara Tomb,Turkey,2022-05-03
Begüm:),Warcraft,Turkey,2022-05-03
Begüm:),Spycraft,Turkey,2022-05-03
Begüm:),The Mystery of Marilyn Monroe: The Unheard Tapes,Turkey,2022-04-23
Begüm:),The Pentaverate,Turkey,2022-04-23
Begüm:),Meltdown: Three Mile Island,Turkey,2022-04-23
Begüm:),The Sound of Magic,Turkey,2022-04-23
Begüm:),Thirty-Nine,Turkey,2022-04-05
Begüm:),Heartstopper,Turkey,2022-03-31
Begüm:),Along for the Ride,Turkey,2022-03-31
Begüm:),The Marked Heart,Turkey,2022-03-26
Begüm:),Metal Lords,Turkey,2022-03-23
Begüm:),The Cemil Show,Turkey,2022-03-23
Begüm:),Wild Abandon,Turkey,2022-03-22
Begüm:),Russian Doll,Turkey,2022-03-20
Begüm:),Skins,Turkey,2022-03-20
Begüm:),Cracow Monsters,Turkey,2022-03-19
Begüm:),Love & Other Drugs,Turkey,2022-03-14
Begüm:),The Last Letter From Your Lover,Turkey,2022-03-14
Begüm:),V Wars,Turkey,2022-03-07
Begüm:),Lucifer,Turkey,2022-03-07
Begüm:),Sense and Sensibility,Turkey,2022-03-07
Begüm:),Superstition,Turkey,2022-03-07
Begüm:),Degrassi: Next Class,Turkey,2022-03-07
Begüm:),The Cook of Castamar,Turkey,2022-03-07
Begüm:),The Great Robbery of Brazil's Central Bank,Turkey,2022-03-05
Begüm:),The Witch,Turkey,2022-03-05
Begüm:),Silver Skates,Turkey,2022-03-05
Begüm:),Riverdale,Turkey,2022-03-05
Begüm:),Remember Me,Turkey,2022-03-05
Begüm:),Blue Jay,Turkey,2022-03-04
Begüm:),The Perks of Being a Wallflower,Turkey,2022-03-04
Begüm:),To the Bone,Turkey,2022-03-04
Begüm:),Forecasting Love and Weather,Turkey,2022-03-03
Begüm:),Without Saying Goodbye,Turkey,2022-03-03
Begüm:),The Vampire Diaries,Turkey,2022-02-27
Begüm:),UFO,Turkey,2022-02-13
Begüm:),Inventing Anna,Turkey,2022-02-13
Begüm:),Chosen,Turkey,2022-02-13
Begüm:),The Witcher: Blood Origin,Turkey,2022-02-10
Begüm:),Guillermo del Toro’s Pinocchio,Turkey,2022-02-10
Begüm:),Emma.,Turkey,2022-02-06
Begüm:),I Am Georgina,Turkey,2022-01-22
Begüm:),The Secret Diary of an Exchange Student,Turkey,2022-01-22
Begüm:),Kitz,Turkey,2022-01-20
Begüm:),The Sinner,Turkey,2022-01-17
Begüm:),Through My Window,Turkey,2022-01-10
Begüm:),Vicky and Her Mystery,Turkey,2021-12-30
Begüm:),Derren Brown: The Push,Turkey,2021-12-30
Begüm:),Juvenile Justice,Turkey,2021-12-16
Begüm:),Trolls,Turkey,2021-12-01
Begüm:),The Goldfinch,Turkey,2021-11-29
Begüm:),Kissing Game,Turkey,2021-11-29
Begüm:),Luna Park,Turkey,2021-11-28
Begüm:),Unfriended,Turkey,2021-11-06
Begüm:),I Still See You,Turkey,2021-11-06
Begüm:),The Good Liar,Turkey,2021-11-06
Begüm:),Yara,Turkey,2021-11-06
Begüm:),After We Collided,Turkey,2021-09-18
Begüm:),MINDHUNTER,Turkey,2021-09-18
Begüm:),SPF-18,Turkey,2021-09-18
Begüm:),Let It Snow,Turkey,2021-09-18
Begüm:),Love 101,Turkey,2021-09-18
Begüm:),The Starling,Turkey,2021-09-18
Begüm:),Into the Beat,Turkey,2021-08-24
Begüm:),One More Time,Turkey,2021-08-24
Begüm:),"Hello, My Twenties!",Turkey,2021-08-24
Begüm:),Army of Thieves,Turkey,2021-08-13
Begüm:),"Nevertheless,",Turkey,2021-08-13
Begüm:),I Lost My Body,Turkey,2021-08-13
Begüm:),AlRawabi School for Girls,Turkey,2021-08-13
Begüm:),Unorthodox,Turkey,2021-08-07
Begüm:),Moment of Eighteen,Turkey,2021-08-01
Begüm:),The Legend of the Blue Sea,Turkey,2021-07-30
Begüm:),Deadly Class,Turkey,2021-07-26
Begüm:),Girl from Nowhere,Turkey,2021-07-13
Begüm:),Mortel,Turkey,2021-07-04
Begüm:),Young Royals,Turkey,2021-07-01
Begüm:),Canvas,Turkey,2021-06-26
Begüm:),Elite,Turkey,2021-06-14
Begüm:),Glitch,Turkey,2021-06-14
Begüm:),Extraordinary You,Turkey,2021-06-13
Begüm:),Hit The Top,Turkey,2021-06-13
Begüm:),Ashley Garcia: Genius in Love,Turkey,2021-06-11
Begüm:),Vincenzo,Turkey,2021-06-11
Begüm:),The Spy,Turkey,2021-05-27
Begüm:),Get Even,Turkey,2021-05-22
Begüm:),Merlin,Turkey,2021-05-22
Begüm:),Moxie,Turkey,2021-05-22
Begüm:),Blood & Water,Turkey,2021-05-22
Begüm:),The Rain,Turkey,2021-05-22
Begüm:),Schindler's List,Turkey,2021-05-19
Begüm:),Sweet Tooth,Turkey,2021-05-15
Begüm:),Chambers,Turkey,2021-05-13
Begüm:),Trinkets,Turkey,2021-05-11
Begüm:),The Shannara Chronicles,Turkey,2021-05-11
Begüm:),Sweet Tooth,Turkey,2021-05-11
Begüm:),Sense8,Turkey,2021-05-11
Begüm:),The OA,Turkey,2021-05-11
Begüm:),Rim of the World,Turkey,2021-05-11
Begüm:),On My Block,Turkey,2021-05-11
Begüm:),Jupiter's Legacy,Turkey,2021-05-11
Begüm:),The I-Land,Turkey,2021-05-11
Begüm:),Dare Me,Turkey,2021-05-11
Begüm:),Glitch,Turkey,2021-05-09
Begüm:),Unbelievable,Turkey,2021-05-09
Begüm:),The Witcher,Turkey,2021-05-08
Begüm:),I Am Not Okay With This,Turkey,2021-05-03
Begüm:),Never Have I Ever,Turkey,2021-05-03
Begüm:),Sierra Burgess Is a Loser,Turkey,2021-05-03
Begüm:),The Irregulars,Turkey,2021-04-28
Begüm:),Always a Witch,Turkey,2021-04-28
Begüm:),Things Heard & Seen,Turkey,2021-04-27
Begüm:),Grand Army,Turkey,2021-04-25
Begüm:),Outer Banks,Turkey,2021-04-23
Begüm:),Call Me by Your Name,Turkey,2021-04-03
Begüm:),Constantine,Turkey,2021-04-01
Begüm:),Chilling Adventures of Sabrina,Turkey,2021-04-01
Begüm:),Senden Bana Kalan,Turkey,2021-03-27
Begüm:),Tidelands,Turkey,2021-03-27
Begüm:),Five Feet Apart,Turkey,2021-03-26
Begüm:),The One,Turkey,2021-03-26
Begüm:),Baby,Turkey,2021-03-20
Begüm:),Love Alarm,Turkey,2021-03-14
Begüm:),Invisible City,Turkey,2021-02-16
Begüm:),The Notebook,Turkey,2021-02-16
Begüm:),Cursed,Turkey,2021-02-16
Begüm:),Cable Girls,Turkey,2021-02-13
Begüm:),Peaky Blinders,Turkey,2021-02-04
Begüm:),Harry Potter and the Deathly Hallows: Part 1,Turkey,2021-02-03
Begüm:),The Society,Turkey,2021-02-01
Begüm:),The Witcher,Turkey,2021-01-26
Begüm:),Split,Turkey,2021-01-23
Begüm:),Titans,Turkey,2021-01-23
Begüm:),The A List,Turkey,2021-01-22
Begüm:),Mako Mermaids: An H2O Adventure,Turkey,2021-01-22
Begüm:),The Queen's Gambit,Turkey,2021-01-16
Begüm:),My Mister,Turkey,2021-01-16
Begüm:),"Mary, Queen of Scots",Turkey,2021-01-15
Begüm:),Ratched,Turkey,2021-01-15
Begüm:),Anne with an E,Turkey,2021-01-12
Begüm:),Teen Wolf,Turkey,2021-01-02
Begüm:),The Secret,Turkey,2020-11-24
Begüm:),Spinning Out,Turkey,2020-11-19
Begüm:),Biohackers,Turkey,2020-08-28
Begüm:),Nowhere Boys,Turkey,2020-08-08
Begüm:),Biohackers,Turkey,2020-08-08
Begüm:),Hanna,Turkey,2020-06-30
Begüm:),Mean Girls,Turkey,2020-06-27
Begüm:),Mean Girls 2,Turkey,2020-06-27
Begüm:),Heaven Is for Real,Turkey,2020-06-25
Begüm:),Rattlesnake,Turkey,2020-06-07
Begüm:),Annihilation,Turkey,2020-06-07
Begüm:),The Kissing Booth,Turkey,2020-06-07
Begüm:),Gerald's Game,Turkey,2020-06-07
Begüm:),Death Note,Turkey,2020-05-25
Begüm:),Storks,Turkey,2020-05-24
Begüm:),Klaus,Turkey,2020-05-24
Begüm:),Christmas Inheritance,Turkey,2020-05-24
Begüm:),The Mortal Instruments: City of Bones,Turkey,2020-05-23
Begüm:),To All the Boys: P.S. I Still Love You,Turkey,2020-05-23
Begüm:),To All the Boys I’ve Loved Before,Turkey,2020-05-23
Begüm:),Rich in Love,Turkey,2020-05-14
Begüm:),Twin Murders: the Silence of the White City,Turkey,2020-05-14
Begüm:),A Cinderella Story: Christmas Wish,Turkey,2020-05-14
Begüm:),Wonder Woman,Turkey,2020-05-14
Begüm:),Insatiable,Turkey,2020-05-14
Begüm:),Alexa & Katie,Turkey,2020-04-24
Begüm:),Good Witch,Turkey,2020-04-24
Begüm:),Raising Dion,Turkey,2020-04-24
Begüm:),Vampires,Turkey,2020-04-24
Begüm:),The Worst Witch,Turkey,2020-04-15
Begüm:),Orphan Black,Turkey,2020-04-14
Begüm:),The Umbrella Academy,Turkey,2020-04-13
Begüm:),A Series of Unfortunate Events,Turkey,2020-04-13
Begüm:),13 Reasons Why,Turkey,2020-04-11
Begüm:),Greenhouse Academy,Turkey,2020-04-11
Begüm:),Stranger Things,Turkey,2020-04-11
Begüm:),Locke & Key,Turkey,2020-04-11
Begüm:),Always a Witch,Turkey,2020-04-11
Begüm:),Shadowhunters: The Mortal Instruments,Turkey,2020-04-11
Begüm:),Ragnarok,Turkey,2020-04-11
Begüm:),Luna Nera,Turkey,2020-04-11
Begüm:),Sherlock,Turkey,2020-04-11
Begüm:),We Are the Wave,Turkey,2020-04-11
Begüm:),Money Heist,Turkey,2020-04-11
Begüm:),The Boss Baby: Back in Business,Turkey,2020-04-11
Begüm:),The 100,Turkey,2020-04-11
Begüm:),The Order,Turkey,2020-04-11
Ceren,Family Reunion,Turkey,2025-03-04
Ceren,La Dolce Villa,Turkey,2025-02-15
Ceren,Wake Up Dead Man: A Knives Out Mystery,Turkey,2025-02-14
Ceren,IT'S WHAT'S INSIDE,Turkey,2024-10-11
Ceren,The Menendez Brothers,Turkey,2024-10-11
Ceren,KAOS,Turkey,2024-09-02
Ceren,Good Girls,Turkey,2024-07-19
Ceren,The 8 Show,Turkey,2024-05-21
Ceren,Last Call for Istanbul,Turkey,2024-05-21
Ceren,The Final Table,Turkey,2024-04-01
Ceren,The Mole,Turkey,2024-04-01
Ceren,Welcome to Eden,Turkey,2023-05-18
Ceren,Queen Charlotte: A Bridgerton Story,Turkey,2023-05-04
Ceren,Chupa,Turkey,2023-04-11
Ceren,Unseen,Turkey,2023-04-02
Ceren,The Night Agent,Turkey,2023-03-27
Ceren,Gandhi,Turkey,2023-03-02
Ceren,Tonight You're Sleeping with Me,Turkey,2023-03-02
Ceren,Fatale,Turkey,2023-02-25
Ceren,Triptych,Turkey,2023-02-23
Ceren,The Law According to Lidia Poët,Turkey,2023-02-22
Ceren,Timeless,Turkey,2023-02-22
Ceren,Lawrence of Arabia: Restored Version,Turkey,2023-02-14
Ceren,The Great Heist,Turkey,2023-02-12
Ceren,This Is a Robbery: The World's Biggest Art Heist,Turkey,2023-02-12
Ceren,Wanted,Turkey,2023-02-12
Ceren,Donnie Brasco,Turkey,2023-02-12
Ceren,Blackhat,Turkey,2023-02-12
Ceren,Perfume: The Story of a Murderer,Turkey,2023-02-12
Ceren,The Real Bling Ring: Hollywood Heist,Turkey,2023-02-12
Ceren,The Snow Girl,Turkey,2023-02-11
Ceren,I Am Not an Easy Man,Turkey,2023-02-07
Ceren,Britney Vs Spears,Turkey,2023-02-07
Ceren,Monsters Inside: The 24 Faces of Billy Milligan,Turkey,2023-02-07
Ceren,10 Days of a Good Man,Turkey,2023-02-06
Ceren,The Pale Blue Eye,Turkey,2023-01-26
Ceren,Knives Out,Turkey,2023-01-26
Ceren,Don't F**k with Cats: Hunting an Internet Killer,Turkey,2023-01-26
Ceren,Guillermo del Toro's Cabinet of Curiosities,Turkey,2023-01-26
Ceren,Glass Onion: A Knives Out Mystery,Turkey,2023-01-26
Ceren,Good Will Hunting,Turkey,2023-01-26
Ceren,The Devil's Advocate,Turkey,2023-01-26
Ceren,Glass Onion: A Knives Out Mystery,Turkey,2023-01-03
Ceren,Private Lesson,Turkey,2023-01-02
Ceren,Opening the Door,Turkey,2022-12-27
Ceren,The Recruit,Turkey,2022-12-22
Ceren,Clueless,Turkey,2022-12-12
Ceren,All Quiet on the Western Front,Turkey,2022-12-09
Ceren,Hot Skull,Turkey,2022-12-04
Ceren,1899,Turkey,2022-12-04
Ceren,Barbie: Princess Charm School,Turkey,2022-11-27
Ceren,Barbie Fairytopia,Turkey,2022-11-27
Ceren,Barbie and the Magic of Pegasus,Turkey,2022-11-27
Ceren,Barbie: A Mermaid Tale 2,Turkey,2022-11-27
Ceren,Barbie: Mariposa and Her Butterfly Fairy Friends,Turkey,2022-11-27
Ceren,Barbie in a Mermaid Tale,Turkey,2022-11-27
Ceren,Barbie: A Christmas Carol,Turkey,2022-11-27
Ceren,Ancient Apocalypse,Turkey,2022-11-22
Ceren,A Fall from Grace,Turkey,2022-09-19
Ceren,The Brave Ones,Turkey,2022-09-19
Ceren,Explained,Turkey,2022-09-19
Ceren,Designated Survivor,Turkey,2022-09-12
Ceren,The Festival of Troubadours,Turkey,2022-09-10
Ceren,The Sandman,Turkey,2022-09-10
Ceren,Crimson Peak,Turkey,2022-08-02
Ceren,The White Princess,Turkey,2022-07-06
Ceren,The White Queen,Turkey,2022-07-06
Ceren,Spiderhead,Turkey,2022-06-30
Ceren,Layers of Istanbul,Turkey,2022-06-05
Ceren,The Adam Project,Turkey,2022-03-19
Ceren,Wanted,Turkey,2022-03-19
Ceren,Edge of Tomorrow,Turkey,2022-03-17
Ceren,21,Turkey,2022-03-10
Ceren,The Departed,Turkey,2022-03-10
Ceren,Sleepers,Turkey,2022-03-10
Ceren,Inventing Anna,Turkey,2022-03-07
Ceren,The Others,Turkey,2022-02-28
Ceren,The Woman in the House Across the Street from the Girl in the Window,Turkey,2022-02-09
Ceren,Feria: The Darkest Light,Turkey,2022-02-09
Ceren,Emma.,Turkey,2022-02-09
Ceren,American Murder: The Family Next Door,Turkey,2022-01-31
Ceren,Jeffrey Epstein: Filthy Rich,Turkey,2022-01-31
Ceren,Conversations with a Killer: The Ted Bundy Tapes,Turkey,2022-01-31
Ceren,"The Mind, Explained",Turkey,2022-01-31
Ceren,Archive 81,Turkey,2022-01-19
Ceren,The Pursuit of Happyness,Turkey,2021-11-23
Ceren,The Club,Turkey,2021-11-10
Ceren,The Ritual,Turkey,2021-10-03
Ceren,Vikings,Turkey,2021-10-03
Ceren,BoJack Horseman,Turkey,2021-10-03
Ceren,Mortal World,Turkey,2021-10-03
Ceren,You,Turkey,2021-10-03
Ceren,The Social Network,Turkey,2021-10-03
Ceren,The Good Place,Turkey,2021-10-03
Ceren,Green Book,Turkey,2021-10-03
Ceren,Don't Breathe,Turkey,2021-10-03
Ceren,Yahsi Bati,Turkey,2021-10-03
Ceren,Catch Me If You Can,Turkey,2021-10-03
Ceren,Cinayet Süsü,Turkey,2021-10-03
Ceren,How to Get Away With Murder,Turkey,2021-10-03
Ceren,Squid Game,Turkey,2021-10-03
Ceren,Lupin,Turkey,2021-10-03
Ceren,The Chestnut Man,Turkey,2021-09-30
Ceren,Seven,Turkey,2021-09-28
Ceren,Focus,Turkey,2021-09-28
Ceren,Zodiac,Turkey,2021-09-28
Ceren,The Great Gatsby,Turkey,2021-09-28
Ceren,Brooklyn Nine-Nine,Turkey,2021-09-28
Ceren,How I Met Your Mother,Turkey,2021-09-28
Ceren,Rick and Morty,Turkey,2021-09-28
Ceren,Angels & Demons,Turkey,2021-09-28
Ceren,In Time,Turkey,2021-09-28
Ceren,Inferno,Turkey,2021-09-28
Ceren,Taking Lives,Turkey,2021-09-28
Ceren,Monsters Inside: The 24 Faces of Billy Milligan,Turkey,2021-09-26
Ceren,Downton Abbey,Turkey,2021-08-11
Ceren,The Chair,Turkey,2021-08-11
Ceren,Heist,Turkey,2021-07-29
Ceren,The Cook of Castamar,Turkey,2021-07-29
Ceren,I'm Glad I Did,Turkey,2021-07-29
Ceren,The Matrix Reloaded,Turkey,2021-07-02
Ceren,The Matrix Revolutions,Turkey,2021-07-02
Ceren,The Matrix,Turkey,2021-07-02
Ceren,The Green Mile,Turkey,2021-06-11
Ceren,Haunted,Turkey,2021-04-24
Ceren,Shadow and Bone,Turkey,2021-04-24
Ceren,"Extremely Wicked, Shockingly Evil and Vile",Turkey,2021-04-24
Ceren,Seven,Turkey,2021-04-11
Ceren,RuPaul's Drag Race,Turkey,2021-04-11
Ceren,MINDHUNTER,Turkey,2021-04-11
Ceren,Friends,Turkey,2021-03-18
Ceren,Miracle in Cell No. 7,Turkey,2021-03-18
Ceren,Paper Lives,Turkey,2021-03-18
Ceren,Moxie,Turkey,2021-03-18
Ceren,Firefly Lane,Turkey,2021-02-09
Ceren,Anna Karenina,Turkey,2021-01-31
Ceren,Fate: The Winx Saga,Turkey,2021-01-22
Ceren,Equinox,Turkey,2021-01-03
Ceren,Blood of Zeus,Turkey,2020-12-27
Ceren,Bridgerton,Turkey,2020-12-25
Ceren,Alias Grace,Turkey,2020-12-25
Ceren,The Shannara Chronicles,Turkey,2020-12-17
Ceren,Lupin,Turkey,2020-12-16
Ceren,The Mess You Leave Behind,Turkey,2020-12-12
Ceren,Prison Break,Turkey,2020-12-05
Ceren,"Love, Rosie",Turkey,2020-11-25
Ceren,"Mary, Queen of Scots",Turkey,2020-11-25
Ceren,Dunkirk,Turkey,2020-11-25
Ceren,Atonement,Turkey,2020-11-25
Ceren,Orphan Black,Turkey,2020-11-24
Ceren,La Révolution,Turkey,2020-10-22
Ceren,My Octopus Teacher,Turkey,2020-10-16
Ceren,The Theory of Everything,Turkey,2020-09-20
Ceren,21,Turkey,2020-09-20
Ceren,Self Made: Inspired by the Life of Madam C.J. Walker,Netherlands,2020-09-17
Ceren,Saving Private Ryan,Turkey,2020-09-17
Ceren,Why We Fight: The Battle of Russia,Turkey,2020-09-15
Ceren,Les Misérables 25th Anniversary,Turkey,2020-09-14
Ceren,Seven Years in Tibet,Turkey,2020-09-14
Ceren,Nazi Concentration Camps,Turkey,2020-09-12
Ceren,Hitler's Circle of Evil,Turkey,2020-09-12
Ceren,Elizabeth,Turkey,2020-09-12
Ceren,Greatest Events of WWII in Colour,Turkey,2020-09-12
Ceren,The Truman Show,Turkey,2020-09-11
Ceren,Pride & Prejudice,Turkey,2020-09-11
Ceren,The Imitation Game,Turkey,2020-09-11
Ceren,Wild Wild Country,Turkey,2020-09-11
Ceren,The Curious Case of Benjamin Button,Turkey,2020-09-11
Ceren,Rise of Empires: Ottoman,Turkey,2020-09-10
Ceren,Women at War 1914-1918,Turkey,2020-09-10
Ceren,Diana: In Her Own Words,Turkey,2020-09-10
Ceren,Secrets of Great British Castles,Turkey,2020-09-10
Ceren,The Story of Diana,Turkey,2020-09-10
Ceren,#AnneFrank - Parallel Stories,Turkey,2020-07-09
Ceren,Osmosis,Turkey,2020-07-01
Ceren,#AnneFrank - Parallel Stories,Turkey,2020-06-30
Ceren,Feel the Beat,Turkey,2020-06-29
Ceren,Control Z,Turkey,2020-06-29
Ceren,Rick and Morty,Turkey,2020-06-29
Ceren,Altered Carbon,Turkey,2020-06-29
Ceren,Sense8,Turkey,2020-06-29
Ceren,El Dragón: Return of a Warrior,Turkey,2020-06-09
Ceren,History 101,Turkey,2020-06-09
Ceren,Dynasty,Turkey,2020-06-09
Ceren,The Gift,Turkey,2020-04-20
Ceren,Lucifer,Turkey,2020-04-11
Ceren,Harry Potter and the Sorcerer's Stone,Turkey,2020-04-11
Ceren,Money Heist,Turkey,2020-04-11
Ceren,The Gift,Turkey,2020-04-11
Ceren,The 100,Turkey,2020-04-11
Ceren,Miracle in Cell No. 7,Turkey,2020-04-11
Ceren,Riverdale,Turkey,2020-04-11
Hülya,Love and Monsters,Turkey,2021-03-28
Hülya,King Shakir,Turkey,2020-11-20
Hülya,Miracle in Cell No. 7,Turkey,2020-05-01
Hülya,Perfect Strangers,Turkey,2020-05-01
Hülya,Money Heist,Turkey,2020-05-01
Televizyon,Gelin Takımı,Turkey,2025-03-13
Televizyon,Kleks Academy,Turkey,2024-06-06
Televizyon,Glamorous,Turkey,2023-06-22
Televizyon,The Vow,Turkey,2023-03-31
Televizyon,Who Were We Running From?,Turkey,2023-02-13
Televizyon,Lockwood & Co.,Turkey,2023-01-14
Televizyon,The Snow Girl,Turkey,2023-01-14
Televizyon,Emily in Paris,Turkey,2022-12-18
Televizyon,Roald Dahl's Matilda The Musical,Turkey,2022-12-18
Televizyon,The Snow Girl,Turkey,2022-12-18
Televizyon,Tom and Jerry,Turkey,2022-12-18
Televizyon,Shahmaran,Turkey,2022-12-18
Televizyon,Queen Charlotte: A Bridgerton Story,Turkey,2022-12-18
Televizyon,A Not So Merry Christmas,Turkey,2022-12-18
Televizyon,God's Crooked Lines,Turkey,2022-12-06
Televizyon,Bridesmaid Forever,Turkey,2022-12-06
Televizyon,Katakulli,Turkey,2022-12-06
Televizyon,The Recruit,Turkey,2022-12-06
Televizyon,Private Lesson,Turkey,2022-12-06
Televizyon,Drink Masters,Turkey,2022-10-18
Televizyon,Half Bad: The Bastard Son & The Devil Himself,Turkey,2022-10-18
Televizyon,Cici,Turkey,2022-10-18
Televizyon,History 101,Turkey,2022-10-01
Televizyon,Lost Ollie,Turkey,2022-08-28
Televizyon,Fate: The Winx Saga,Turkey,2022-08-19
Televizyon,The School for Good and Evil,Turkey,2022-08-19
Televizyon,Ivy + Bean: Doomed to Dance,Turkey,2022-08-19
Televizyon,Ivy + Bean,Turkey,2022-08-19
Televizyon,Me Time,Turkey,2022-08-19
Televizyon,Wednesday,Turkey,2022-08-19
Televizyon,Ivy + Bean: The Ghost That Had to Go,Turkey,2022-08-19
Televizyon,Guillermo del Toro’s Pinocchio,Turkey,2022-08-19
Televizyon,Osmosis,Turkey,2022-07-23
Televizyon,My Daughter’s Killer,Turkey,2022-07-23
Televizyon,Mona Lisa Smile,Turkey,2022-06-12
Televizyon,I AM A KILLER,Turkey,2022-04-16
Televizyon,Unsolved Mysteries,Turkey,2022-04-16
Televizyon,Secret Magic Control Agency,Turkey,2022-04-14
Televizyon,Rise of the Guardians,Turkey,2022-04-14
Televizyon,Titletown High,Turkey,2022-04-12
Televizyon,Nancy Drew and the Hidden Staircase,Turkey,2022-03-13
Televizyon,My Best Friend Anne Frank,Turkey,2022-02-04
Televizyon,Secret in Their Eyes,Turkey,2022-01-18
Televizyon,Flatliners,Turkey,2022-01-01
Televizyon,Vicky and Her Mystery,Turkey,2021-12-25
Televizyon,The Last Airbender,Turkey,2021-11-28
Televizyon,The Spiderwick Chronicles,Turkey,2021-11-28
Televizyon,My Secret Romance,Turkey,2021-08-28
Televizyon,Afterlife of the Party,Turkey,2021-08-28
Televizyon,Assassin's Creed,Turkey,2021-08-16
Televizyon,Silver Skates,Turkey,2021-08-12
Televizyon,Blind Love,Turkey,2021-08-12
Televizyon,Uncontrollably Fond,Turkey,2021-08-08
Televizyon,Suspicious Partner,Turkey,2021-08-08
Televizyon,The Hardest Thing,Turkey,2021-07-15
Televizyon,A Classic Horror Story,Turkey,2021-07-15
Televizyon,Stranger Things,Turkey,2021-06-27
Televizyon,My Octopus Teacher,Turkey,2021-04-10
Televizyon,Mary Kom,Turkey,2020-09-13
Televizyon,Turkish Tiger,Turkey,2020-09-13
Televizyon,The Pocket Hercules Naim,Turkey,2020-08-24
Televizyon,İstanbul Kırmızısı,Turkey,2020-08-24
Televizyon,Four Minutes,Turkey,2020-08-24
Televizyon,Time Trap,Turkey,2020-08-01
Televizyon,Offering to the Storm,Turkey,2020-07-31
Televizyon,When They See Us,Turkey,2020-07-31
Televizyon,Kiss & Cry,Turkey,2020-07-07
Televizyon,The Hunger Games: Mockingjay - Part 1,Turkey,2020-06-28
Televizyon,GO! The Unforgettable Party,Turkey,2020-06-27
Televizyon,Battle,Turkey,2020-06-27
Televizyon,I Dream Of Dance,Turkey,2020-06-27
Televizyon,A 2nd Chance,Turkey,2020-06-27
Televizyon,Step Sisters,Turkey,2020-06-27
Televizyon,Assassin's Creed,Turkey,2020-06-27
Televizyon,Burlesque,Turkey,2020-06-27
Televizyon,In the Tall Grass,Turkey,2020-05-31
Televizyon,What If,Turkey,2020-04-11
Televizyon,Stranger Things,Turkey,2020-04-11
Televizyon,The 100,Turkey,2020-04-11
Televizyon,Money Heist,Turkey,2020-04-11
Televizyon,Stunt School,Turkey,2020-04-11
Televizyon,Sense8,Turkey,2020-04-11
